,Season,Gameweek,Match,home_team,away_team,home_team_overall_rating,away_team_overall_rating,home_team_venue_rating,away_team_venue_rating,home_team_overall_seasonal_xGD,away_team_overall_seasonal_xGD,home_team_venue_seasonal_xGD,away_team_venue_seasonal_xGD,home_team_opposition_seasonal_xGD,away_team_opposition_seasonal_xGD,home_team_opposition_venue_seasonal_xGD,away_team_opposition_venue_seasonal_xGD,home_team_overall_5game_xGD,away_team_overall_5game_xGD,home_team_venue_5game_xGD,away_team_venue_5game_xGD,home_team_overall_average_possession,away_team_overall_average_possession,home_team_venue_average_possession,away_team_venue_average_possession,home_team_opposition_average_possession,away_team_opposition_average_possession,home_team_opposition_venue_average_possession,away_team_opposition_venue_average_possession,home_team_overall_seasonal_ppg,away_team_overall_seasonal_ppg,home_team_venue_seasonal_ppg,away_team_venue_seasonal_ppg,home_team_opposition_seasonal_ppg,away_team_opposition_seasonal_ppg,home_team_opposition_venue_seasonal_ppg,away_team_opposition_venue_seasonal_ppg,home_team_overall_5game_pointspergame,away_team_overall_5game_pointspergame,home_team_venue_5game_pointspergame,away_team_venue_5game_pointspergame,home_team_dayssincelastgame,away_team_dayssincelastgame,home_team_venue,away_team_venue,home_team_previousvenue,away_team_previousvenue,Home_xG,Away_xG,P(H),P(D),P(A),BTTS_Yes,BTTS_No,Over2.5,Under2.5,Score_Matrix_6x6
0,2025-2026,18,Arsenal vs Brighton,Arsenal,Brighton,1.6642417716606115,0.18335180598328607,1.6455953642866612,0.5053672791490613,1.1058823529411765,0.2235294117647059,1.375,0.17499999999999996,0.42499999999999993,0.7000000000000001,0.6333333333333333,0.3666666666666667,0.82,0.20000000000000004,1.3800000000000001,0.18,59.411764705882355,51.8235294117647,62.625,52.375,60.0,52.75,62.333333333333336,54.333333333333336,2.2941176470588234,1.411764705882353,2.75,1.0,1.75,1.75,2.3333333333333335,1.3333333333333333,2.0,1.0,3.0,1.0,4.0,7.0,Home,Away,Home,Home,2.0870758543743837,1.0504277119767051,0.5920501267637143,0.20524826039190835,0.18203651200092746,0.5559494547329366,0.44405054526706345,0.6069007603615942,0.39309923963840576,"[[0.04339099 0.04557909 0.02393877 0.00838198 0.00220117 0.00046243]
 [0.09056028 0.09512703 0.04996203 0.01749383 0.004594   0.00096513]
 [0.09450308 0.09926866 0.05213728 0.01825548 0.00479402 0.00100715]
 [0.06574504 0.06906041 0.03627148 0.01270019 0.00333516 0.00070067]
 [0.03430372 0.03603358 0.01892533 0.00662657 0.00174018 0.00036559]
 [0.01431889 0.01504096 0.00789972 0.00276603 0.00072638 0.0001526 ]]"
1,2025-2026,18,Brentford vs Bournemouth,Brentford,Bournemouth,-0.1458471397866724,-0.2006831912809576,0.37934939073767493,-0.8042489969342804,0.07647058823529411,0.041176470588235224,0.425,-0.7125000000000001,-0.35,0.44999999999999996,,-1.8333333333333333,-0.45999999999999996,-0.12000000000000002,0.7000000000000001,-1.08,44.94117647058823,52.529411764705884,41.0,48.375,50.5,47.5,,47.666666666666664,1.3529411764705883,1.2941176470588236,2.125,0.75,1.0,1.0,,0.6666666666666666,1.4,0.6,2.0,0.4,7.0,7.0,Home,Away,Away,Home,1.5837207762825427,1.4413092591962562,0.4048390038380349,0.2411815024652595,0.3445601869007102,0.5994272937355671,0.40057270626443287,0.5823942356232358,0.4176057643767642,"[[0.04855636 0.06998474 0.05043482 0.02423073 0.00873099 0.00251681]
 [0.07689972 0.11083628 0.07987468 0.0383747  0.01382745 0.00398593]
 [0.06089384 0.08776686 0.06324959 0.03038741 0.01094941 0.0031563 ]
 [0.03214628 0.04633273 0.0333899  0.01604172 0.00578027 0.00166623]
 [0.01272768 0.01834453 0.01322007 0.0063514  0.00228858 0.00065971]
 [0.00403142 0.00581052 0.00418738 0.00201177 0.0007249  0.00020896]]"
2,2025-2026,18,Burnley vs Everton,Burnley,Everton,-1.6162055479300834,-0.4073580407645658,-1.655625785447013,-0.1664282864412505,-1.1352941176470588,-0.24117647058823527,-0.875,-0.48749999999999993,-0.5,0.08000000000000003,0.3999999999999999,-0.30000000000000004,-0.54,-0.4600000000000001,-0.9,-0.6599999999999999,41.0,43.705882352941174,41.625,40.0,43.666666666666664,46.0,53.0,38.5,0.6470588235294118,1.411764705882353,0.875,1.25,1.3333333333333333,1.4,0.0,3.0,0.2,1.2,0.6,1.4,7.0,7.0,Home,Away,Away,Home,1.1017827732295236,1.847577999614764,0.22373685739210578,0.22720143952798869,0.5364276921127301,0.553873876282696,0.446126123717304,0.5653694214097049,0.4346305785902951,"[[0.05237317 0.09676352 0.08938908 0.0550511  0.0254278  0.00939597]
 [0.05770386 0.10661238 0.09848735 0.06065435 0.02801591 0.01035232]
 [0.03178856 0.05873184 0.05425583 0.03341396 0.01543372 0.005703  ]
 [0.0116747  0.02156991 0.01992605 0.01227164 0.0056682  0.00209449]
 [0.00321574 0.00594134 0.00548854 0.00338017 0.00156128 0.00057692]
 [0.00070861 0.00130921 0.00120944 0.00074484 0.00034404 0.00012713]]"
3,2025-2026,18,Chelsea vs Aston Villa,Chelsea,Aston Villa,0.18438211092227158,0.37243925336248,0.34174842716449944,0.40735519113877555,0.37647058823529417,-0.2823529411764706,0.5750000000000002,-0.3875,-0.975,-0.16666666666666666,-0.5666666666666665,,-0.41999999999999993,0.14000000000000004,0.5800000000000002,-0.26,58.05882352941177,52.11764705882353,58.0,55.625,55.75,44.0,60.0,,1.7058823529411764,2.1176470588235294,1.75,1.75,1.0,2.0,1.0,,1.2,3.0,2.0,2.4,7.0,6.0,Home,Away,Away,Home,1.6928392758772022,1.258298870183899,0.46820982820656226,0.23900842183620571,0.28305161777918664,0.5769954290770224,0.4230045709229776,0.5657741734504158,0.4342258265495842,"[[0.05228017 0.06578408 0.04138802 0.0173595  0.00546086 0.00137428]
 [0.08850192 0.11136187 0.07006326 0.02938684 0.00924436 0.00232643]
 [0.07490977 0.09425888 0.05930292 0.0248736  0.00782461 0.00196914]
 [0.04227007 0.05318838 0.03346344 0.01403567 0.00441527 0.00111114]
 [0.01788911 0.02250984 0.01416205 0.00594003 0.00186858 0.00047025]
 [0.00605668 0.00762111 0.00479482 0.0020111  0.00063264 0.00015921]]"
4,2025-2026,18,Crystal Palace vs Tottenham,Crystal Palace,Tottenham,0.39780620584121595,-0.4634721366009287,0.3057999145088231,-0.4593899684271258,0.39999999999999997,-0.3764705882352941,0.825,-0.7625,0.2799999999999999,,1.1666666666666667,-1.1,0.18,-0.09999999999999996,0.8400000000000001,-1.2399999999999998,42.529411764705884,51.94117647058823,42.875,50.0,40.4,,41.333333333333336,44.0,1.5294117647058822,1.2941176470588236,1.25,1.75,1.4,,1.6666666666666667,3.0,1.2,0.8,1.0,1.4,5.0,8.0,Home,Away,Away,Home,1.8259454344159451,1.4441341720199297,0.45570716082134477,0.22715914341384305,0.30238853492405277,0.6294531320227068,0.3705468679772932,0.6345292700878233,0.36547072991217666,"[[0.0380034  0.05488201 0.03962849 0.01907629 0.00688718 0.0019892 ]
 [0.06939214 0.10021156 0.07235947 0.03483226 0.01257561 0.00363217]
 [0.06335313 0.09149042 0.06606222 0.0318009  0.01148119 0.00331608]
 [0.03855979 0.0556855  0.04020867 0.01935557 0.00698801 0.00201832]
 [0.01760202 0.02541967 0.01835471 0.00883555 0.00318993 0.00092134]
 [0.00642806 0.00928299 0.00670294 0.00322665 0.00116493 0.00033646]]"
5,2025-2026,18,Liverpool vs Wolves,Liverpool,Wolves,0.678598673344736,-1.5256300208800775,0.2927177551557447,-1.2042123870327432,0.3470588235294118,-0.6,0.5,-0.85,0.36666666666666664,-1.9500000000000002,0.05000000000000011,0.3,0.36,-0.9,0.6599999999999999,-1.06,60.64705882352941,45.705882352941174,59.875,43.0,58.666666666666664,34.0,53.0,49.0,1.7058823529411764,0.11764705882352941,2.0,0.125,1.6666666666666667,0.0,3.0,1.0,2.2,0.0,1.4,0.0,7.0,7.0,Home,Away,Away,Home,2.054588748901597,0.8496497191920567,0.6346692735234769,0.20122092981615392,0.14524550475989567,0.4882077685549898,0.5117922314450102,0.5550168216050808,0.44498317839491924,"[[5.47904994e-02 4.65527325e-02 1.97767580e-02 5.60110564e-03
  1.18974446e-03 2.02173209e-04]
 [1.12571944e-01 9.56467203e-02 4.06331045e-02 1.15079686e-02
  2.44443558e-03 4.15382800e-04]
 [1.15644524e-01 9.82573377e-02 4.17421597e-02 1.18220714e-02
  2.51115492e-03 4.26720414e-04]
 [7.92006463e-02 6.72928069e-02 2.85876572e-02 8.09649831e-03
  1.71979688e-03 2.92244987e-04]
 [4.06811892e-02 3.45647610e-02 1.46839697e-02 4.15874358e-03
  8.83368830e-04 1.50110816e-04]
 [1.67166227e-02 1.42032738e-02 6.03390380e-03 1.70890156e-03
  3.62991932e-04 6.16831986e-05]]"
6,2025-2026,18,Manchester United vs Newcastle,Manchester United,Newcastle,0.9153000097027326,0.5405127957811616,0.8430221540908972,-0.12487611995121142,0.511764705882353,0.2882352941176471,1.1625,-0.14999999999999997,,-0.09999999999999994,1.4,-0.7666666666666666,1.0799999999999998,0.6599999999999999,1.06,-0.37999999999999995,54.23529411764706,51.11764705882353,56.125,54.0,,50.666666666666664,42.0,54.333333333333336,1.5294117647058822,1.3529411764705883,1.75,0.75,,0.3333333333333333,3.0,1.0,1.6,1.6,1.6,0.6,5.0,6.0,Home,Away,Away,Home,2.0662216283802195,1.5087570498472973,0.48690612545755635,0.21216509485853619,0.27736133465744206,0.6613994817793177,0.33860051822068227,0.692798284367272,0.307201715632728,"[[0.02801602 0.04226937 0.03188711 0.01603663 0.00604885 0.00182525]
 [0.05788731 0.08733789 0.06588583 0.03313524 0.01249826 0.00377137]
 [0.05980401 0.09022972 0.06806736 0.03423237 0.01291208 0.00389624]
 [0.04118945 0.06214487 0.04688075 0.02357722 0.00889307 0.0026835 ]
 [0.02127663 0.03210127 0.02421651 0.01217894 0.00459377 0.00138618]
 [0.00879245 0.01326567 0.01000733 0.00503288 0.00189835 0.00057283]]"
7,2025-2026,18,Nottingham Forest vs Manchester City,Nottingham Forest,Manchester City,-0.37849045818267446,1.559416764615183,0.031726151832206735,1.0174969570849208,-0.2352941176470588,0.8117647058823529,0.3375,0.35,0.2600000000000001,1.6,0.26666666666666666,,-0.11999999999999993,0.9,0.8,0.27999999999999997,50.76470588235294,57.76470588235294,51.875,55.875,52.0,68.0,54.333333333333336,,1.0588235294117647,2.176470588235294,1.25,1.625,0.6,3.0,1.0,,1.2,3.0,1.4,1.8,5.0,7.0,Home,Away,Away,Home,0.9979506926510019,1.608526953687865,0.23417710082131818,0.24917188520036415,0.5098746353595739,0.5006015583076592,0.4993984416923408,0.48319538461833345,0.5168046153816666,"[[7.37940151e-02 1.18699662e-01 9.54658032e-02 5.11864392e-02
  2.05836918e-02 6.62188460e-03]
 [7.36427885e-02 1.18456410e-01 9.52701644e-02 5.10815424e-02
  2.05415095e-02 6.60831433e-03]
 [3.67459359e-02 5.91068283e-02 4.75374633e-02 2.54884303e-02
  1.02497068e-02 3.29738593e-03]
 [1.22235441e-02 1.96619001e-02 1.58133481e-02 8.47873223e-03
  3.40956733e-03 1.09687619e-03]
 [3.04962357e-03 4.90540170e-03 3.94523543e-03 2.11533918e-03
  8.50645020e-04 2.73657089e-04]
 [6.08674790e-04 9.79069806e-04 7.87430086e-04 4.22200839e-04
  1.69780357e-04 5.46192562e-05]]"
8,2025-2026,18,Sunderland vs Leeds United,Sunderland,Leeds United,-0.4428006597919564,0.09183755605248858,-0.2612814333447685,-0.7740963976196551,-0.4470588235294118,0.00588235294117647,-0.11250000000000004,-0.8125,-0.1,0.05000000000000002,-0.2,-0.8,-0.5,0.38,-0.30000000000000004,-0.52,42.411764705882355,46.35294117647059,43.375,47.125,38.0,50.25,41.0,46.5,1.588235294117647,1.1176470588235294,2.25,0.5,3.0,0.25,3.0,0.5,1.6,1.6,2.2,0.2,8.0,8.0,Home,Away,Away,Home,1.4268680775536824,1.4141174485043686,0.37402791320886847,0.2506847367934227,0.3684306056940693,0.5699713386334951,0.43002866136650486,0.5402585918345744,0.4597414081654257,"[[0.05836811 0.08253937 0.05836018 0.02750938 0.00972537 0.00275056]
 [0.0832836  0.11777279 0.08327228 0.03925226 0.01387683 0.00392469]
 [0.05941735 0.08402312 0.05940928 0.0280039  0.0099002  0.00280001]
 [0.02826024 0.0399633  0.0282564  0.01331929 0.00470876 0.00133175]
 [0.01008091 0.01425559 0.01007954 0.00475122 0.00167969 0.00047506]
 [0.00287683 0.00406817 0.00287643 0.00135587 0.00047934 0.00013557]]"
9,2025-2026,18,West Ham vs Fulham,West Ham,Fulham,-1.155590453241102,-0.3247508634397687,-0.8746500081595958,-0.3830669219851116,-0.6235294117647059,-0.24705882352941178,-0.43750000000000006,-0.625,-1.5666666666666664,-0.6333333333333333,-0.7999999999999999,-0.8,-0.64,-0.45999999999999996,0.13999999999999996,-0.5999999999999999,42.1764705882353,50.8235294117647,43.25,47.25,39.0,52.666666666666664,43.0,49.0,0.7647058823529411,1.3529411764705883,0.75,0.875,0.6666666666666666,0.0,0.0,0.0,0.4,1.8,1.2,1.2,7.0,5.0,Home,Away,Away,Home,1.0973640924778691,1.6183636484624837,0.25696921249616844,0.2473274853162795,0.4883826257297833,0.5291793833786909,0.47082061662130914,0.5102203532067431,0.4897796467932569,"[[6.61567905e-02 1.07065745e-01 8.66356547e-02 4.67359981e-02
  1.89089601e-02 6.12031473e-03]
 [7.25980863e-02 1.17490104e-01 9.50708566e-02 5.12864061e-02
  2.07500138e-02 6.71621362e-03]
 [3.98332666e-02 6.44647106e-02 5.21636721e-02 2.81399303e-02
  1.13851600e-02 3.68506583e-03]
 [1.45705321e-02 2.35804196e-02 1.90808469e-02 1.02932497e-02
  4.16455527e-03 1.34795297e-03]
 [3.99729469e-03 6.46907643e-03 5.23465906e-03 2.82386065e-03
  1.14250835e-03 3.69798798e-04]
 [8.77297533e-04 1.41978644e-03 1.14886538e-03 6.19760655e-04
  2.50749529e-04 8.11607844e-05]]"
10,2025-2026,19,Arsenal vs Aston Villa,Arsenal,Aston Villa,1.6642417716606115,0.37243925336248,1.6455953642866612,0.40735519113877555,1.1058823529411765,-0.2823529411764706,1.375,-0.3875,0.42499999999999993,-0.16666666666666666,0.6333333333333333,,0.82,0.14000000000000004,1.3800000000000001,-0.26,59.411764705882355,52.11764705882353,62.625,55.625,48.0,33.0,62.333333333333336,,2.2941176470588234,2.1176470588235294,2.75,1.75,1.4,1.5,2.3333333333333335,,2.0,3.0,3.0,2.4,3.0,3.0,Home,Away,Home,Away,2.6933718016847297,1.149365090748605,0.6443141836553983,0.16064785465980438,0.13769689534595225,0.59749168677608,0.40250831322392,0.7379363710898302,0.26206362891016977,"[[0.02143486 0.02463648 0.01415815 0.0054243  0.00155862 0.00035829]
 [0.05773204 0.06635519 0.03813317 0.01460964 0.00419795 0.000965  ]
 [0.07774692 0.0893596  0.0513534  0.0196746  0.00565333 0.00129955]
 [0.06980045 0.08022621 0.0461046  0.01766367 0.0050755  0.00116672]
 [0.04699964 0.05401975 0.03104421 0.01189371 0.00341755 0.0007856 ]
 [0.0253175  0.02909905 0.01672272 0.00640684 0.00184095 0.00042318]]"
11,2025-2026,19,Brentford vs Tottenham,Brentford,Tottenham,-0.1458471397866724,-0.4634721366009287,0.37934939073767493,-0.4593899684271258,0.07647058823529411,-0.3764705882352941,0.425,-0.7625,-0.35,,,-1.1,-0.45999999999999996,-0.09999999999999996,0.7000000000000001,-1.2399999999999998,44.94117647058823,51.94117647058823,41.0,50.0,40.4,,,44.0,1.3529411764705883,1.2941176470588236,2.125,1.75,0.8,,,3.0,1.4,0.8,2.0,1.4,5.0,4.0,Home,Away,Home,Away,1.3517357097494882,1.5386690382974428,0.33205900868245897,0.24701729985568321,0.4132102197657574,0.5762634943556972,0.42373650564430276,0.5518134219970603,0.4481865780029397,"[[0.05555372 0.08547879 0.06576179 0.03372854 0.01297427 0.00399262]
 [0.07509395 0.11554474 0.08889255 0.04559207 0.01753778 0.00539697]
 [0.05075359 0.07809297 0.06007962 0.03081422 0.01185322 0.00364764]
 [0.02286848 0.03518702 0.02707059 0.01388423 0.00534081 0.00164355]
 [0.00772803 0.01189089 0.00914807 0.00469195 0.00180484 0.00055541]
 [0.00208925 0.00321467 0.00247315 0.00126846 0.00048793 0.00015015]]"
12,2025-2026,19,Burnley vs Newcastle,Burnley,Newcastle,-1.6162055479300834,0.5405127957811616,-1.655625785447013,-0.12487611995121142,-1.1352941176470588,0.2882352941176471,-0.875,-0.14999999999999997,-0.5,-0.09999999999999994,0.3999999999999999,-0.7666666666666666,-0.54,0.6599999999999999,-0.9,-0.37999999999999995,41.0,51.11764705882353,41.625,54.0,32.75,38.0,26.5,54.333333333333336,0.6470588235294118,1.3529411764705883,0.875,0.75,1.0,0.25,0.0,1.0,0.2,1.6,0.6,0.6,3.0,4.0,Home,Away,Home,Away,1.4520886203321957,1.8538129582405891,0.29946162784995234,0.22536129085378137,0.45955904021044525,0.63369937201002,0.36630062798998,0.6417573629761137,0.35824263702388626,"[[0.03666614 0.06797216 0.06300384 0.03893244 0.01804337 0.00668981]
 [0.05324248 0.09870161 0.09148716 0.05653336 0.02620057 0.00971419]
 [0.0386564  0.07166174 0.06642373 0.04104572 0.01902277 0.00705293]
 [0.01871084 0.0346864  0.03215105 0.01986734 0.00920758 0.00341383]
 [0.00679245 0.01259193 0.01167154 0.00721229 0.00334256 0.0012393 ]
 [0.00197265 0.00365692 0.00338962 0.00209458 0.00097074 0.00035991]]"
13,2025-2026,19,Charlton vs Portsmouth,Charlton,Portsmouth,-1.307030054573429,-0.8228586437092676,-0.5651375249582514,-1.4295179645973923,-0.40555555555555556,-0.37777777777777777,-0.175,-0.8750000000000001,-1.5333333333333332,0.5,-3.7,-0.8999999999999999,-1.56,-0.38000000000000006,-0.54,-1.4,42.05555555555556,48.611111111111114,42.875,44.625,37.666666666666664,70.0,40.0,44.0,1.2777777777777777,0.9444444444444444,1.75,0.75,0.3333333333333333,0.0,0.0,0.5,0.6,0.8,2.0,0.2,7.0,7.0,Home,Away,Away,Home,1.2863619767692847,1.3087006689045384,0.3605548184952323,0.2641839995885801,0.3708433605975061,0.5249874129369576,0.4750125870630424,0.48033022254583646,0.5196697774541635,"[[7.46412000e-02 9.76829883e-02 6.39188961e-02 2.78835674e-02
  9.12281081e-03 2.38780572e-03]
 [9.60156016e-02 1.25655682e-01 8.22228375e-02 3.58683608e-02
  1.17352370e-02 3.07158249e-03]
 [6.17554095e-02 8.08193457e-02 5.28841659e-02 2.30698478e-02
  7.54788130e-03 1.97558346e-03]
 [2.64799369e-02 3.46543111e-02 2.26760601e-02 9.89205833e-03
  3.23643584e-03 8.47105149e-04]
 [8.51569599e-03 1.11444970e-02 7.29240536e-03 3.18119193e-03
  1.04080700e-03 2.72420963e-04]
 [2.19085351e-03 2.86717145e-03 1.87613460e-03 8.18432867e-04
  2.67770910e-04 7.00863938e-05]]"
14,2025-2026,19,Chelsea vs Bournemouth,Chelsea,Bournemouth,0.18438211092227158,-0.2006831912809576,0.34174842716449944,-0.8042489969342804,0.37647058823529417,0.041176470588235224,0.5750000000000002,-0.7125000000000001,-0.975,0.44999999999999996,-0.5666666666666665,-1.8333333333333333,-0.41999999999999993,-0.12000000000000002,0.5800000000000002,-1.08,58.05882352941177,52.529411764705884,58.0,48.375,44.6,47.5,60.0,47.666666666666664,1.7058823529411764,1.2941176470588236,1.75,0.75,0.8,1.0,1.0,0.6666666666666666,1.2,0.6,2.0,0.4,3.0,3.0,Home,Away,Home,Away,1.7946789974817074,1.4426853162489386,0.44970630615296536,0.22905890743220444,0.30733308860020625,0.6259268294425139,0.3740731705574861,0.6278395581805083,0.37216044181949176,"[[0.03926725 0.05665029 0.04086427 0.01965143 0.00708771 0.00204507]
 [0.07047212 0.10166909 0.07333825 0.03526801 0.01272016 0.00367024]
 [0.06323741 0.09123169 0.06580931 0.03164737 0.0114143  0.00329345]
 [0.03783029 0.0545772  0.03936886 0.01893229 0.00682834 0.00197023]
 [0.01697331 0.02448714 0.01766362 0.00849435 0.00306367 0.00088398]
 [0.00609233 0.00878931 0.0063401  0.00304893 0.00109966 0.00031729]]"
15,2025-2026,19,Crystal Palace vs Fulham,Crystal Palace,Fulham,0.39780620584121595,-0.3247508634397687,0.3057999145088231,-0.3830669219851116,0.39999999999999997,-0.24705882352941178,0.825,-0.625,0.2799999999999999,-0.6333333333333333,1.1666666666666667,-0.8,0.18,-0.45999999999999996,0.8400000000000001,-0.5999999999999999,42.529411764705884,50.8235294117647,42.875,47.25,40.4,52.666666666666664,41.333333333333336,49.0,1.5294117647058822,1.3529411764705883,1.25,0.875,1.4,0.0,1.6666666666666667,0.0,1.2,1.8,1.0,1.2,4.0,5.0,Home,Away,Home,Away,1.5557250841349917,1.2798178798841338,0.4325920000374448,0.24829246409895897,0.3117659397273576,0.5641212039067997,0.43587879609320035,0.5389755628755968,0.46102443712440316,"[[0.05868665 0.07510823 0.04806243 0.02050372 0.00656026 0.00167919]
 [0.0913003  0.11684775 0.07477192 0.03189815 0.01020595 0.00261235]
 [0.07101908 0.09089149 0.05816228 0.02481237 0.00793883 0.00203205]
 [0.03682872 0.04713406 0.0301615  0.01286708 0.00411688 0.00105377]
 [0.01432384 0.01833191 0.01173075 0.00500441 0.00160118 0.00040984]
 [0.00445679 0.00570388 0.00364997 0.0015571  0.0004982  0.00012752]]"
16,2025-2026,19,Liverpool vs Leeds United,Liverpool,Leeds United,0.678598673344736,0.09183755605248858,0.2927177551557447,-0.7740963976196551,0.3470588235294118,0.00588235294117647,0.5,-0.8125,0.36666666666666664,0.05000000000000002,0.05000000000000011,-0.8,0.36,0.38,0.6599999999999999,-0.52,60.64705882352941,46.35294117647059,59.875,47.125,58.666666666666664,40.2,53.0,46.5,1.7058823529411764,1.1176470588235294,2.0,0.5,1.6666666666666667,0.2,3.0,0.5,2.2,1.6,1.4,0.2,5.0,4.0,Home,Away,Home,Away,1.8353627897901896,0.9343291356562251,0.5742862044922739,0.22603598030159947,0.18793707955596867,0.5030523866693853,0.49694761333061466,0.5232905298437752,0.4767094701562248,"[[6.26813123e-02 5.85649763e-02 2.73594819e-02 8.52092035e-03
  1.99033604e-03 3.71925789e-04]
 [1.15042948e-01 1.07487978e-01 5.02145749e-02 1.56389801e-02
  3.65298870e-03 6.82618755e-04]
 [1.05572773e-01 9.86397179e-02 4.60809812e-02 1.43516011e-02
  3.35227976e-03 6.26426531e-04]
 [6.45881132e-02 6.03465559e-02 2.81917727e-02 8.78013155e-03
  2.05088318e-03 3.83239982e-04]
 [2.96356549e-02 2.76894558e-02 1.29355327e-02 4.02868168e-03
  9.41028669e-04 1.75846101e-04]
 [1.08784356e-02 1.01640394e-02 4.74827906e-03 1.47881849e-03
  3.45425801e-04 6.45482779e-05]]"
17,2025-2026,19,Manchester United vs Wolves,Manchester United,Wolves,0.9153000097027326,-1.5256300208800775,0.8430221540908972,-1.2042123870327432,0.511764705882353,-0.6,1.1625,-0.85,,-1.9500000000000002,1.4,0.3,1.0799999999999998,-0.9,1.06,-1.06,54.23529411764706,45.705882352941174,56.125,43.0,,34.0,42.0,24.5,1.5294117647058822,0.11764705882352941,1.75,0.125,,0.0,3.0,0.5,1.6,0.0,1.6,0.0,4.0,3.0,Home,Away,Home,Away,2.346102750972795,0.9357982546950816,0.6556231309514434,0.17795712450017756,0.13348993354431565,0.5294107534788088,0.47058924652119116,0.6369257815171077,0.3630742184828923,"[[0.03755679 0.03514558 0.01644459 0.00512961 0.00120007 0.0002246 ]
 [0.0881121  0.08245515 0.03858069 0.01203458 0.00281548 0.00052695]
 [0.10336002 0.09672412 0.04525713 0.01411718 0.00330271 0.00061813]
 [0.08083107 0.07564158 0.03539263 0.01104012 0.00258283 0.0004834 ]
 [0.0474095  0.04436573 0.02075869 0.00647531 0.0015149  0.00028353]
 [0.02224551 0.02081731 0.0097404  0.00303835 0.00071082 0.00013304]]"
18,2025-2026,19,Nottingham Forest vs Everton,Nottingham Forest,Everton,-0.37849045818267446,-0.4073580407645658,0.031726151832206735,-0.1664282864412505,-0.2352941176470588,-0.24117647058823527,0.3375,-0.48749999999999993,0.2600000000000001,0.08000000000000003,0.26666666666666666,-0.30000000000000004,-0.11999999999999993,-0.4600000000000001,0.8,-0.6599999999999999,50.76470588235294,43.705882352941174,51.875,40.0,52.0,46.0,54.333333333333336,38.5,1.0588235294117647,1.411764705882353,1.25,1.25,0.6,1.4,1.0,3.0,1.2,1.2,1.4,1.4,3.0,3.0,Home,Away,Home,Away,1.4924107721913453,0.9598099468299155,0.4914060756109968,0.261299928858823,0.24246579985243547,0.47525216534154796,0.524747834658452,0.4438735236272986,0.5561264763727014,"[[8.61021653e-02 8.26417147e-02 3.96601699e-02 1.26887419e-02
  3.04469516e-03 5.84465740e-04]
 [1.28499799e-01 1.23335385e-01 5.91892648e-02 1.89368150e-02
  4.54393586e-03 8.72262967e-04]
 [9.58872421e-02 9.20335288e-02 4.41673482e-02 1.41307534e-02
  3.39070941e-03 6.50887324e-04]
 [4.77010510e-02 4.57839433e-02 2.19719421e-02 7.02962952e-03
  1.68677708e-03 3.23797085e-04]
 [1.77973906e-02 1.70821125e-02 8.19779076e-03 2.62277370e-03
  6.29341072e-04 1.20809564e-04]
 [5.31220349e-03 5.09870575e-03 2.44689425e-03 7.82851146e-04
  1.87847079e-04 3.60594990e-05]]"
19,2025-2026,19,Sunderland vs Manchester City,Sunderland,Manchester City,-0.4428006597919564,1.559416764615183,-0.2612814333447685,1.0174969570849208,-0.4470588235294118,0.8117647058823529,-0.11250000000000004,0.35,-0.1,1.6,-0.2,,-0.5,0.9,-0.30000000000000004,0.27999999999999997,42.411764705882355,57.76470588235294,43.375,55.875,38.0,68.0,41.0,,1.588235294117647,2.176470588235294,2.25,1.625,3.0,3.0,3.0,,1.6,3.0,2.2,1.8,4.0,5.0,Home,Away,Home,Away,0.9643328470377237,1.8215999185369147,0.19642776667740963,0.2279581544105434,0.5641759638753591,0.5114838618625026,0.4885161381374974,0.5271863138178827,0.4728136861821172,"[[6.16715371e-02 1.12340867e-01 1.02320057e-01 6.21287359e-02
  2.82934250e-02 1.03078602e-02]
 [5.94718890e-02 1.08333988e-01 9.86705919e-02 5.99127807e-02
  2.72842791e-02 9.94020813e-03]
 [2.86753480e-02 5.22350116e-02 4.75756464e-02 2.88879312e-02
  1.31555633e-02 4.79283460e-03]
 [9.21752666e-03 1.67906458e-02 1.52929195e-02 9.28586032e-03
  4.22878060e-03 1.54062928e-03]
 [2.22219093e-03 4.04794282e-03 3.68686616e-03 2.23866503e-03
  1.01948801e-03 3.71419855e-04]
 [4.28586342e-04 7.80712845e-04 7.11073227e-04 4.31763644e-04
  1.96625155e-04 7.16344732e-05]]"
20,2025-2026,19,West Ham vs Brighton,West Ham,Brighton,-1.155590453241102,0.18335180598328607,-0.8746500081595958,0.5053672791490613,-0.6235294117647059,0.2235294117647059,-0.43750000000000006,0.17499999999999996,-1.5666666666666664,0.7000000000000001,-0.7999999999999999,0.3666666666666667,-0.64,0.20000000000000004,0.13999999999999996,0.18,42.1764705882353,51.8235294117647,43.25,52.375,29.25,52.75,28.666666666666668,54.333333333333336,0.7647058823529411,1.411764705882353,0.75,1.0,0.5,1.75,0.0,1.3333333333333333,0.4,1.0,1.2,1.0,3.0,3.0,Home,Away,Home,Away,1.4271033149255283,1.584881377360171,0.34108486524378856,0.24162411317037982,0.40802219551291385,0.597056297479621,0.40294370252037903,0.579489620625282,0.420510379374718,"[[0.04919395 0.07796657 0.06178388 0.03264004 0.01293265 0.00409934]
 [0.07020484 0.11126635 0.08817198 0.04658071 0.01845623 0.00585019]
 [0.05009478 0.07939429 0.06291527 0.03323774 0.01316947 0.00417441]
 [0.02383014 0.03776795 0.02992886 0.01581123 0.00626473 0.00198577]
 [0.00850202 0.01347469 0.01067789 0.00564107 0.0022351  0.00070848]
 [0.00242665 0.00384596 0.00304769 0.00161008 0.00063795 0.00020221]]"
21,2025-2026,23,Birmingham vs Derby,Birmingham,Derby,-0.12756805775796778,-0.049782037503443746,1.5026789131912355,0.534741795462995,0.34545454545454546,-0.18636363636363643,1.07,-0.38000000000000006,-1.05,0.12000000000000002,,-0.6,-0.68,0.38,1.2999999999999998,0.23999999999999994,54.90909090909091,42.45454545454545,56.5,36.2,48.0,41.0,,41.666666666666664,1.3181818181818181,1.4090909090909092,2.1,1.7,0.0,2.2,,1.3333333333333333,0.8,1.0,2.6,2.4,6.0,6.0,Home,Away,Away,Home,1.92686135522544,1.0062484316079519,0.5744103892621089,0.2186551117766465,0.19226307726142855,0.5325992723861875,0.46740072761381246,0.5616579477164797,0.4383420522835203,"[[5.32312427e-02 5.35638544e-02 2.69492723e-02 9.03922098e-03
  2.27392548e-03 4.57626790e-04]
 [1.02569224e-01 1.03210121e-01 5.19275113e-02 1.74173256e-02
  4.38153914e-03 8.81783378e-04]
 [9.88183374e-02 9.94357970e-02 5.00285574e-02 1.67803858e-02
  4.22130922e-03 8.49537157e-04]
 [6.34697451e-02 6.38663315e-02 3.21326980e-02 1.07778256e-02
  2.71129254e-03 5.45646773e-04]
 [3.05743498e-02 3.07653915e-02 1.54788135e-02 5.19184393e-03
  1.30607120e-03 2.62846420e-04]
 [1.17825066e-02 1.18561288e-02 5.96510550e-03 2.00079269e-03
  5.03323626e-04 1.01293722e-04]]"
22,2025-2026,23,Coventry vs Swansea,Coventry,Swansea,1.4679552318734939,-0.23470079863150706,1.2123576910849034,-0.7635742696964266,0.8954545454545454,-0.33181818181818185,0.9199999999999999,-0.58,0.6333333333333333,-1.1600000000000001,0.7999999999999999,-0.625,0.48,0.11999999999999997,0.5,-0.5,54.77272727272727,54.54545454545455,60.0,52.5,53.44444444444444,51.8,59.333333333333336,55.25,2.1818181818181817,1.1818181818181819,2.6,0.8,2.2222222222222223,0.4,3.0,0.75,1.6,1.8,3.0,0.2,6.0,7.0,Home,Away,Away,Home,1.991070636595946,1.1186999689852632,0.5596331646432452,0.2150823110456149,0.20800393155643462,0.5695279721347403,0.43047202786525973,0.6009481428084449,0.3990518571915551,"[[0.04461119 0.04990653 0.02791522 0.01040958 0.0029113  0.00065137]
 [0.08882403 0.09936744 0.05558117 0.02072622 0.00579661 0.00129693]
 [0.08842745 0.09892379 0.05533302 0.02063368 0.00577073 0.00129114]
 [0.05868844 0.06565475 0.03672398 0.01369437 0.00382997 0.00085692]
 [0.02921321 0.03268081 0.01828001 0.00681662 0.00190644 0.00042655]
 [0.01163311 0.01301396 0.00727936 0.00271447 0.00075917 0.00016986]]"
23,2025-2026,23,Leicester vs Watford,Leicester,Watford,-0.31091335617150617,0.48890081241205713,-0.16603576409779602,0.06311275686304757,-0.2545454545454545,0.29090909090909095,0.24,-0.019999999999999983,,0.5200000000000001,,0.033333333333333416,-0.21999999999999992,0.26000000000000006,-0.09999999999999998,0.040000000000000015,53.13636363636363,51.54545454545455,55.4,50.3,,53.0,,56.333333333333336,1.4090909090909092,1.4545454545454546,1.6,0.7,,2.4,,1.3333333333333333,1.4,1.6,1.4,1.0,6.0,6.0,Home,Away,Away,Home,1.319804588711941,1.3767150958003107,0.35535768975377485,0.25824681983667297,0.38104880109116274,0.5438942488464341,0.4561057511535659,0.5055225723228691,0.4944774276771308,"[[6.74398166e-02 9.28454136e-02 6.39108412e-02 2.93290066e-02
  1.00944215e-02 2.77942851e-03]
 [8.90073794e-02 1.22537803e-01 8.43498215e-02 3.87085575e-02
  1.33226639e-02 3.66830249e-03]
 [5.87361739e-02 8.08629773e-02 5.56626408e-02 2.55438659e-02
  8.79165646e-03 2.42072123e-03]
 [2.58400906e-02 3.55744428e-02 2.44879362e-02 1.12376372e-02
  3.86775618e-03 1.06495966e-03]
 [8.52596754e-03 1.17378282e-02 8.07982265e-03 3.70787127e-03
  1.27617059e-03 3.51384663e-04]
 [2.25052222e-03 3.09832791e-03 2.13275740e-03 9.78733104e-04
  3.36859160e-04 9.27518181e-05]]"
24,2025-2026,23,Middlesbrough vs Blackburn,Middlesbrough,Blackburn,1.0061068042724235,0.4338731756978889,0.027277464418229723,0.7678478353048486,0.22272727272727275,0.30952380952380953,0.03999999999999998,0.2,0.6,0.45714285714285713,0.35,0.23333333333333328,0.7400000000000001,0.52,0.06000000000000003,6.661338147750939e-17,56.27272727272727,49.23809523809524,55.2,48.2,67.2,49.42857142857143,71.0,41.333333333333336,1.9090909090909092,1.1904761904761905,2.3,1.6,1.0,1.1428571428571428,2.0,2.3333333333333335,2.4,1.2,2.0,2.0,6.0,6.0,Home,Away,Away,Home,1.8976197520487759,0.9120244179453155,0.5918229185155939,0.21923215791423087,0.17543568511267396,0.5004179868029479,0.4995820131970521,0.532842076373349,0.46715792362665104,"[[6.02264189e-02 5.49279647e-02 2.50478225e-02 7.61474192e-03
  1.73620764e-03 3.16692753e-04]
 [1.14286842e-01 1.04232391e-01 4.75312427e-02 1.44498847e-02
  3.29466191e-03 6.00962423e-04]
 [1.08436485e-01 9.88967217e-02 4.50981125e-02 1.37101933e-02
  3.12600776e-03 5.70199082e-04]
 [6.85904050e-02 6.25561242e-02 2.85263564e-02 8.67224452e-03
  1.97732469e-03 3.60673680e-04]
 [3.25396268e-02 2.96769342e-02 1.35330443e-02 4.11415563e-03
  9.38052597e-04 1.71105375e-04]
 [1.23495677e-02 1.12631073e-02 5.13611444e-03 1.56142060e-03
  3.56013427e-04 6.49385878e-05]]"
25,2025-2026,23,Millwall vs Ipswich,Millwall,Ipswich,-0.15891815127036016,1.3622384329168848,0.4191962001155798,0.9042261936615271,0.045454545454545484,0.8363636363636364,0.33636363636363636,0.32999999999999996,0.16666666666666674,0.5249999999999999,-0.75,0.5,-0.6599999999999998,0.6399999999999999,0.7,0.6599999999999999,47.13636363636363,56.13636363636363,49.0,58.0,48.666666666666664,57.0,48.5,58.666666666666664,1.5909090909090908,1.6818181818181819,1.7272727272727273,1.2,0.6666666666666666,1.5,1.5,1.0,1.4,2.0,2.0,1.4,6.0,6.0,Home,Away,Away,Home,1.5015930448808157,1.759625804587568,0.32612409714601864,0.22980335768705804,0.4302715652770641,0.6325133645953546,0.36748663540464543,0.6327257274872033,0.3672742725127967,"[[0.03834164 0.06746693 0.05935828 0.03481612 0.01531584 0.00539003]
 [0.05757354 0.10130788 0.08913198 0.05227964 0.02299815 0.00809363]
 [0.04322601 0.0760616  0.06691998 0.03925137 0.01726693 0.00607667]
 [0.02163596 0.03807119 0.03349553 0.01964653 0.00864264 0.00304156]
 [0.0081221  0.01429186 0.01257416 0.00737527 0.00324443 0.0011418 ]
 [0.00243922 0.00429211 0.00377625 0.00221493 0.00097436 0.0003429 ]]"
26,2025-2026,23,Norwich vs Charlton,Norwich,Charlton,-0.8029052179309228,-0.659588361307747,-0.6473776542841134,-0.6477329714329406,-0.4227272727272727,-0.33809523809523806,-0.09,-0.5090909090909091,-0.7333333333333334,-1.275,-0.44999999999999996,-0.8000000000000002,-0.5,-0.42000000000000004,-0.05999999999999996,-0.56,51.40909090909091,42.19047619047619,53.1,41.18181818181818,43.333333333333336,37.75,45.5,37.666666666666664,0.8181818181818182,1.2857142857142858,0.7,0.9090909090909091,0.6666666666666666,0.25,3.0,1.0,1.6,0.8,1.4,0.4,6.0,6.0,Home,Away,Away,Home,1.1372092875184663,1.1258416889697853,0.3584648618755661,0.28643528534363816,0.3528670177585014,0.4574283450605917,0.5425716549394083,0.39414006410774627,0.6058599358922537,"[[1.04032599e-01 1.17124237e-01 6.59316744e-02 2.47428759e-02
  6.96414030e-03 1.56810389e-03]
 [1.18306838e-01 1.33194770e-01 7.49781125e-02 2.81378283e-02
  7.91968503e-03 1.78326231e-03]
 [6.72698174e-02 7.57351648e-02 4.26329029e-02 1.59992998e-02
  4.50316968e-03 1.01397123e-03]
 [2.54999537e-02 2.87089109e-02 1.61608444e-02 6.06485078e-03
  1.70701546e-03 3.84365834e-04]
 [7.24969605e-03 8.16201004e-03 4.59456558e-03 1.72425116e-03
  4.85308459e-04 1.09276099e-04]
 [1.64888433e-03 1.85638272e-03 1.04499653e-03 3.92166886e-04
  1.10379457e-04 2.48539590e-05]]"
27,2025-2026,23,Oxford vs Southampton,Oxford,Southampton,-0.7095376300050956,0.5454844283759016,-0.6534188732394188,0.5349236893873894,-0.2818181818181818,0.4636363636363637,0.1,0.18181818181818182,0.23333333333333328,1.6500000000000001,-1.1,1.1,-0.26000000000000006,0.15999999999999995,-0.41999999999999993,0.2799999999999999,43.81818181818182,56.77272727272727,45.8,56.0,49.0,60.75,40.0,51.0,0.8636363636363636,1.4090909090909092,1.0,1.0909090909090908,1.3333333333333333,1.25,1.0,3.0,0.8,1.4,1.0,1.2,6.0,6.0,Home,Away,Away,Home,1.2860194104294629,1.2978594011767377,0.3626729936812414,0.2648657502399921,0.3681382862254218,0.5228623313114795,0.4771376686885205,0.47751579984448966,0.5224842001555103,"[[7.54806602e-02 9.79632845e-02 6.35712849e-02 2.75021966e-02
  8.92349609e-03 2.31628866e-03]
 [9.70695942e-02 1.25982685e-01 8.17539063e-02 3.53683586e-02
  1.14757892e-02 2.97879218e-03]
 [6.24166911e-02 8.10080894e-02 5.25685552e-02 2.27421978e-02
  7.37904382e-03 1.91539228e-03]
 [2.67563588e-02 3.47259918e-02 2.25347274e-02 9.74896929e-03
  3.16319786e-03 8.21077216e-04]
 [8.60229918e-03 1.11645749e-02 7.24502423e-03 3.13434093e-03
  1.01698346e-03 2.63980309e-04]
 [2.21254474e-03 2.87157200e-03 1.86344836e-03 8.06164656e-04
  2.61572094e-04 6.78967604e-05]]"
28,2025-2026,23,Portsmouth vs QPR,Portsmouth,QPR,-0.7938523610488268,0.5256857061815698,-0.024216179522164115,-0.2768317482952362,-0.3238095238095238,0.17727272727272728,0.09999999999999999,-0.35454545454545455,0.1,0.17499999999999996,,-0.04999999999999993,-0.4800000000000001,0.39999999999999997,0.6399999999999999,-0.5,48.80952380952381,46.90909090909091,51.90909090909091,46.27272727272727,59.5,51.75,,45.0,1.0,1.5454545454545454,1.2727272727272727,1.2727272727272727,0.0,1.375,,1.0,0.8,1.8,1.4,0.8,6.0,6.0,Home,Away,Away,Home,1.3038214294047892,1.0032236704901571,0.43204682370969855,0.2790794656776591,0.2860079419297151,0.4594953261879618,0.5405046738120383,0.4058285623989488,0.5941714376010512,"[[9.95549924e-02 9.98759249e-02 5.00989460e-02 1.67534828e-02
  4.20187263e-03 8.43083617e-04]
 [1.29801933e-01 1.30220371e-01 6.53200794e-02 2.18435499e-02
  5.47849158e-03 1.09923049e-03]
 [8.46192706e-02 8.48920552e-02 4.25828596e-02 1.42400442e-02
  3.57148736e-03 7.16600132e-04]
 [3.67761394e-02 3.68946936e-02 1.85068150e-02 6.18882495e-03
  1.55219392e-03 3.11439536e-04]
 [1.19873797e-02 1.20260230e-02 6.03239549e-03 2.01728065e-03
  5.05945924e-04 1.01515385e-04]
 [3.12588050e-03 3.13595731e-03 1.57303330e-03 5.26034747e-04
  1.31932628e-04 2.64715870e-05]]"
29,2025-2026,23,Sheffield Wednesday vs Hull,Sheffield Wednesday,Hull,-2.073726756905195,0.20448834924028456,-1.6647263644796124,0.003954784029550441,-0.8952380952380953,-0.39545454545454545,-0.790909090909091,-0.53,-0.5444444444444445,-2.3,0.04999999999999999,0.6000000000000001,-1.28,0.45999999999999996,-0.2800000000000001,-0.15999999999999992,47.23809523809524,46.45454545454545,53.0,44.2,53.0,49.0,56.25,35.0,0.42857142857142855,1.6818181818181819,0.18181818181818182,1.4,0.5555555555555556,0.0,0.0,1.0,0.2,2.4,0.2,1.8,6.0,6.0,Home,Away,Away,Home,0.9857250986371723,1.8203747321048416,0.2014105351712992,0.22841145352608902,0.5587143514257328,0.5180066230095253,0.48199337699047473,0.5319990977794278,0.4680009022205722,"[[6.04402605e-02 1.10023923e-01 1.00142385e-01 6.07655556e-02
  2.76540205e-02 1.00681360e-02]
 [5.95774818e-02 1.08453342e-01 9.87128621e-02 5.98981333e-02
  2.72592621e-02 9.92441439e-03]
 [2.93635096e-02 5.34525908e-02 4.86518729e-02 2.95215467e-02
  1.34350694e-02 4.89137217e-03]
 [9.64811612e-03 1.75631868e-02 1.59857907e-02 9.70004317e-03
  4.41442837e-03 1.60718277e-03]
 [2.37759755e-03 4.32811851e-03 3.93939879e-03 2.39039400e-03
  1.08785321e-03 3.96060099e-04]
 [4.68731516e-04 8.53267009e-04 7.76632851e-04 4.71254273e-04
  2.14464843e-04 7.80812761e-05]]"
30,2025-2026,23,Sheffield Wednesday vs Blackburn,Sheffield Wednesday,Blackburn,-2.073726756905195,0.4338731756978889,-1.6647263644796124,0.7678478353048486,-0.8952380952380953,0.30952380952380953,-0.790909090909091,0.2,-0.5444444444444445,0.45714285714285713,0.04999999999999999,0.23333333333333328,-1.28,0.52,-0.2800000000000001,6.661338147750939e-17,47.23809523809524,49.23809523809524,53.0,48.2,53.0,49.42857142857143,56.25,41.333333333333336,0.42857142857142855,1.1904761904761905,0.18181818181818182,1.6,0.5555555555555556,1.1428571428571428,0.0,2.3333333333333335,0.2,1.2,0.2,2.0,3.0,3.0,Home,Away,Home,Away,1.076739961586401,1.7482228950873686,0.23225848426218168,0.2358755401827301,0.5219143210071778,0.5378203552335846,0.4621796447664154,0.5364755225326419,0.46352447746735814,"[[5.93108598e-02 1.03688603e-01 9.06353949e-02 5.28169575e-02
  2.30839536e-02 8.07117923e-03]
 [6.38623729e-02 1.11645662e-01 9.75907516e-02 5.68701288e-02
  2.48554153e-02 8.69056121e-03]
 [3.43815845e-02 6.01066731e-02 5.25399311e-02 3.06171701e-02
  1.33814095e-02 4.67873727e-03]
 [1.23400086e-02 2.15730856e-02 1.88572811e-02 1.09889102e-02
  4.80276610e-03 1.67926113e-03]
 [3.32174511e-03 5.80715085e-03 5.07609704e-03 2.95804969e-03
  1.29283255e-03 4.52031891e-04]
 [7.15331140e-04 1.25055828e-03 1.09312731e-03 6.37010061e-04
  2.78408893e-04 9.73441603e-05]]"
31,2025-2026,23,Stoke vs Preston,Stoke,Preston,-0.6510251407028709,-0.23667018020365133,0.11925333517323641,0.17621406725582275,-0.15,-0.16818181818181815,0.24000000000000005,-0.29,0.12499999999999992,-0.825,0.26666666666666666,-0.09999999999999992,-0.8799999999999999,-0.6199999999999999,0.22000000000000006,-0.5199999999999999,53.72727272727273,45.27272727272727,54.1,46.5,57.75,46.25,55.333333333333336,49.0,1.5,1.6363636363636365,1.9,1.6,1.0,0.75,2.1666666666666665,3.0,0.6,1.8,1.8,2.2,6.0,6.0,Home,Away,Away,Home,1.219611054348128,1.142424459389939,0.3777294414486075,0.2789802828826107,0.3404934948936684,0.4779069808590623,0.5220930191409376,0.42034175019417686,0.5796582498058231,"[[9.42282250e-02 1.07648629e-01 6.14902134e-02 2.34159746e-02
  6.68774553e-03 1.52804881e-03]
 [1.14921785e-01 1.31289458e-01 7.49941440e-02 2.85583815e-02
  8.15644838e-03 1.86362523e-03]
 [7.00799396e-02 8.00610371e-02 4.57318435e-02 1.74150589e-02
  4.97384730e-03 1.13644896e-03]
 [2.84900897e-02 3.25477753e-02 1.85916873e-02 7.07986610e-03
  2.02205305e-03 4.62008573e-04]
 [8.68670708e-03 9.92390664e-03 5.66865684e-03 2.15867074e-03
  6.16529563e-04 1.40867691e-04]
 [2.11888080e-03 2.42066125e-03 1.38271131e-03 5.26547740e-04
  1.50385254e-04 3.43607585e-05]]"
32,2025-2026,23,West Brom vs Bristol City,West Brom,Bristol City,0.1498899652584585,-0.01898171650342833,0.7202679252026952,0.06568166818136854,0.05454545454545454,-0.01363636363636369,0.5700000000000001,-1.1102230246251566e-17,-0.04999999999999999,-0.7571428571428572,0.15000000000000013,0.0,0.36,-0.16000000000000011,0.78,-0.5599999999999999,52.13636363636363,46.40909090909091,54.5,43.8,53.0,41.42857142857143,55.5,48.0,1.2727272727272727,1.5,1.9,1.5,0.75,1.4285714285714286,3.0,0.5,1.2,1.4,2.2,0.8,6.0,6.0,Home,Away,Away,Home,1.5367428540585653,1.053036477377112,0.47971103092627165,0.2553733844756733,0.2591471772175161,0.5072210349464124,0.49277896505358765,0.4790015644128325,0.5209984355871675,"[[7.50365965e-02 7.90162732e-02 4.16035090e-02 1.46033375e-02
  3.84446178e-03 8.09671697e-04]
 [1.15311953e-01 1.21427693e-01 6.39338952e-02 2.24415746e-02
  5.90794916e-03 1.24425719e-03]
 [8.86024102e-02 9.33015699e-02 4.91249783e-02 1.72434647e-02
  4.53949933e-03 9.56051676e-04]
 [4.53863736e-02 4.77935070e-02 2.51641531e-02 8.83292371e-03
  2.32534772e-03 4.89735194e-04]
 [1.74367963e-02 1.83615826e-02 9.66770811e-03 3.39348310e-03
  8.93365372e-04 1.88149265e-04]
 [5.35917443e-03 5.64340616e-03 2.97135627e-03 1.04298218e-03
  2.74574570e-04 5.78274077e-05]]"
33,2025-2026,23,Wrexham vs Sheffield United,Wrexham,Sheffield United,-0.6186960718888435,0.7993263413193732,0.2469811575254666,0.20333581720842878,-0.2818181818181818,0.34545454545454546,0.2545454545454545,-0.10909090909090911,0.03333333333333329,0.5333333333333333,0.09999999999999994,-0.65,-0.34,0.8800000000000001,0.4999999999999999,0.08000000000000004,45.95454545454545,52.18181818181818,51.81818181818182,47.63636363636363,41.666666666666664,51.888888888888886,47.0,54.0,1.2727272727272727,1.1818181818181819,1.5454545454545454,1.0909090909090908,1.0,1.7777777777777777,1.0,0.0,0.6,2.0,2.2,1.2,7.0,6.0,Home,Away,Away,Home,1.3966486282809043,1.5653726083943575,0.33766265087615555,0.24381397954291764,0.4099247933711958,0.5886910149695693,0.4113089850304307,0.5682474627415317,0.4317525372584683,"[[0.05171428 0.08095212 0.06336012 0.03306073 0.01293809 0.00405059]
 [0.07222668 0.11306167 0.08849182 0.04617423 0.01806997 0.00565725]
 [0.05043765 0.07895372 0.06179599 0.03224458 0.0126187  0.00395059]
 [0.02348122 0.03675687 0.0287691  0.01501145 0.00587463 0.0018392 ]
 [0.00819876 0.01283411 0.01004508 0.00524143 0.0020512  0.00064218]
 [0.00229016 0.00358495 0.00280589 0.00146409 0.00057296 0.00017938]]"
34,2025-2026,24,Birmingham vs Southampton,Birmingham,Southampton,-0.12756805775796778,0.5454844283759016,1.5026789131912355,0.5349236893873894,0.34545454545454546,0.4636363636363637,1.07,0.18181818181818182,-1.05,1.6500000000000001,,1.1,-0.68,0.15999999999999995,1.2999999999999998,0.2799999999999999,54.90909090909091,56.77272727272727,56.5,56.0,48.0,48.6,,51.0,1.3181818181818181,1.4090909090909092,2.1,1.0909090909090908,0.0,1.0,,3.0,0.8,1.4,2.6,1.2,3.0,3.0,Home,Away,Home,Away,1.9073735893969495,1.6306490457255147,0.4332203012692941,0.21940072902436092,0.32742077122646013,0.6684531896813894,0.33154681031861055,0.686128167066975,0.313871832933025,"[[0.02907075 0.0474042  0.0386498  0.02100809 0.0085642  0.00279304]
 [0.05544879 0.09041751 0.07371962 0.04007027 0.01633514 0.00532738]
 [0.05288078 0.08622999 0.07030542 0.03821449 0.01557861 0.00508065]
 [0.03362113 0.05482427 0.04469957 0.02429644 0.00990474 0.00323023]
 [0.01603201 0.02614259 0.02131469 0.0115856  0.00472301 0.00154031]
 [0.00611581 0.00997274 0.00813102 0.00441961 0.00180171 0.00058759]]"
35,2025-2026,24,Coventry vs Ipswich,Coventry,Ipswich,1.4679552318734939,1.3622384329168848,1.2123576910849034,0.9042261936615271,0.8954545454545454,0.8363636363636364,0.9199999999999999,0.32999999999999996,0.6333333333333333,0.5249999999999999,0.7999999999999999,0.5,0.48,0.6399999999999999,0.5,0.6599999999999999,54.77272727272727,56.13636363636363,60.0,58.0,48.1,50.666666666666664,44.5,44.0,2.1818181818181817,1.6818181818181819,2.6,1.2,2.0,1.3333333333333333,2.25,0.75,1.6,2.0,3.0,1.4,3.0,3.0,Home,Away,Home,Away,1.594941276637019,1.2131162334225802,0.4564142878891843,0.24721056937465968,0.28884918520287123,0.5546967822571558,0.4453032177428442,0.5324648146137541,0.467535185386246,"[[6.03220536e-02 7.31776625e-02 4.43865052e-02 1.79486633e-02
  5.44345371e-03 1.32070841e-03]
 [9.62101332e-02 1.16714074e-01 7.07938692e-02 2.86270640e-02
  8.68198901e-03 2.10645236e-03]
 [7.67247564e-02 9.30760475e-02 5.64560321e-02 2.28292430e-02
  6.92363132e-03 1.67983391e-03]
 [4.07904936e-02 4.94836100e-02 3.00146853e-02 1.21371007e-02
  3.68092846e-03 8.93078813e-04]
 [1.62646105e-02 1.97308630e-02 1.19679151e-02 4.83949070e-03
  1.46771618e-03 3.56102066e-04]
 [5.18821973e-03 6.29391357e-03 3.81762436e-03 1.54374070e-03
  4.68184225e-04 1.13592377e-04]]"
36,2025-2026,24,Leicester vs Derby,Leicester,Derby,-0.31091335617150617,-0.049782037503443746,-0.16603576409779602,0.534741795462995,-0.2545454545454545,-0.18636363636363643,0.24,-0.38000000000000006,,0.12000000000000002,,-0.6,-0.21999999999999992,0.38,-0.09999999999999998,0.23999999999999994,53.13636363636363,42.45454545454545,55.4,36.2,,41.0,,31.25,1.4090909090909092,1.4090909090909092,1.6,1.7,,2.2,,1.0,1.4,1.0,1.4,2.4,3.0,3.0,Home,Away,Home,Away,1.430541148720559,0.9141050706001949,0.4870987956985786,0.2687180921828676,0.24025963910558482,0.45341606816561525,0.5465839318343848,0.4157647931878167,0.5842352068121833,"[[9.58811170e-02 8.76454152e-02 4.00585592e-02 1.22059107e-02
  2.78937122e-03 5.09955675e-04]
 [1.37161883e-01 1.25380373e-01 5.73054174e-02 1.74610575e-02
  3.99031031e-03 7.29512577e-04]
 [9.81078590e-02 8.96808914e-02 4.09888788e-02 1.24893806e-02
  2.85415154e-03 5.21798880e-04]
 [4.67824431e-02 4.27640685e-02 1.95454259e-02 5.95552431e-03
  1.36099374e-03 2.48818256e-04]
 [1.67310525e-02 1.52939399e-02 6.99013401e-03 2.12990565e-03
  4.86739388e-04 8.89861885e-05]
 [4.78689181e-03 4.37572207e-03 1.99993487e-03 6.09383534e-04
  1.39260145e-04 2.54596809e-05]]"
37,2025-2026,24,Middlesbrough vs Hull,Middlesbrough,Hull,1.0061068042724235,0.20448834924028456,0.027277464418229723,0.003954784029550441,0.22272727272727275,-0.39545454545454545,0.03999999999999998,-0.53,0.6,-2.3,0.35,0.6000000000000001,0.7400000000000001,0.45999999999999996,0.06000000000000003,-0.15999999999999992,56.27272727272727,46.45454545454545,55.2,44.2,67.2,49.0,71.0,35.0,1.9090909090909092,1.6818181818181819,2.3,1.4,1.0,0.0,2.0,1.0,2.4,2.4,2.0,1.8,3.0,3.0,Home,Away,Home,Away,1.956098723481542,0.8652555555040071,0.6140810240283765,0.2118252760046725,0.158787723691674,0.48823296744909467,0.5117670325509054,0.5356210573307016,0.4643789426692984,"[[5.95252743e-02 5.15045743e-02 2.22823095e-02 6.42663070e-03
  1.39016948e-03 2.40570373e-04]
 [1.16437313e-01 1.00748032e-01 4.35863972e-02 1.25711241e-02
  2.71930874e-03 4.70579399e-04]
 [1.13881440e-01 9.85365483e-02 4.26296479e-02 1.22951799e-02
  2.65961818e-03 4.60249881e-04]
 [7.42544463e-02 6.42490721e-02 2.77959333e-02 8.01686190e-03
  1.73415858e-03 3.00098068e-04]
 [3.63122569e-02 3.14193820e-02 1.35928974e-02 3.92044333e-03
  8.48046344e-04 1.46755362e-04]
 [1.42060719e-02 1.22918826e-02 5.31780986e-03 1.53375484e-03
  3.31772474e-04 5.74135953e-05]]"
38,2025-2026,24,Millwall vs Bristol City,Millwall,Bristol City,-0.15891815127036016,-0.01898171650342833,0.4191962001155798,0.06568166818136854,0.045454545454545484,-0.01363636363636369,0.33636363636363636,-1.1102230246251566e-17,0.16666666666666674,-0.7571428571428572,-0.75,0.0,-0.6599999999999998,-0.16000000000000011,0.7,-0.5599999999999999,47.13636363636363,46.40909090909091,49.0,43.8,48.666666666666664,41.42857142857143,48.5,48.0,1.5909090909090908,1.5,1.7272727272727273,1.5,0.6666666666666666,1.4285714285714286,1.5,0.5,1.4,1.4,2.0,0.8,3.0,3.0,Home,Away,Home,Away,1.3631416215707246,1.014561768743812,0.44519146128528486,0.27284843432912786,0.27850904510381247,0.47207888951426047,0.5279211104857395,0.42445520085319954,0.5755447991468005,"[[9.27633743e-02 9.41141731e-02 4.77423210e-02 1.61458445e-02
  4.09523915e-03 8.30974615e-04]
 [1.26449616e-01 1.28290947e-01 6.50795448e-02 2.20090727e-02
  5.58239093e-03 1.13273608e-03]
 [8.61843676e-02 8.74393645e-02 4.43563181e-02 1.50007415e-02
  3.80479471e-03 7.72039851e-04]
 [3.91604996e-02 3.97307457e-02 2.01546478e-02 6.81604504e-03
  1.72882468e-03 3.50799885e-04]
 [1.33453267e-02 1.35396583e-02 6.86840982e-03 2.32280867e-03
  5.89158219e-04 1.19547481e-04]
 [3.63831406e-03 3.69129435e-03 1.87252306e-03 6.33263436e-04
  1.60621218e-04 3.25920294e-05]]"
39,2025-2026,24,Norwich vs Watford,Norwich,Watford,-0.8029052179309228,0.48890081241205713,-0.6473776542841134,0.06311275686304757,-0.4227272727272727,0.29090909090909095,-0.09,-0.019999999999999983,-0.7333333333333334,0.5200000000000001,-0.44999999999999996,0.033333333333333416,-0.5,0.26000000000000006,-0.05999999999999996,0.040000000000000015,51.40909090909091,51.54545454545455,53.1,50.3,43.333333333333336,53.0,45.5,42.25,0.8181818181818182,1.4545454545454546,0.7,0.7,0.6666666666666666,2.4,3.0,1.0,1.6,1.6,1.4,1.0,3.0,3.0,Home,Away,Home,Away,1.2292841759032165,1.4735676453491475,0.31429134717752544,0.25578687214904783,0.42414280675378224,0.5412117532992704,0.4587882467007296,0.5070738442832892,0.49292615571671083,"[[6.70141277e-02 9.87498503e-02 7.27572922e-02 3.57375972e-02
  1.31654418e-02 3.88003380e-03]
 [8.23794067e-02 1.21391628e-01 8.94393880e-02 4.39316628e-02
  1.61840692e-02 4.76966415e-03]
 [5.06338505e-02 7.46124039e-02 5.49732122e-02 2.70022489e-02
  9.94741010e-03 2.93163633e-03]
 [2.07477971e-02 3.05732825e-02 2.25258999e-02 1.10644791e-02
  4.07606461e-03 1.20127139e-03]
 [6.37623466e-03 9.39581309e-03 6.92268309e-03 3.40034727e-03
  1.25266043e-03 3.69175976e-04]
 [1.56764087e-03 2.31002487e-03 1.70198895e-03 8.35998619e-04
  3.07975129e-04 9.07644371e-05]]"
40,2025-2026,24,Oxford vs Swansea,Oxford,Swansea,-0.7095376300050956,-0.23470079863150706,-0.6534188732394188,-0.7635742696964266,-0.2818181818181818,-0.33181818181818185,0.1,-0.58,0.23333333333333328,-1.1600000000000001,-1.1,-0.625,-0.26000000000000006,0.11999999999999997,-0.41999999999999993,-0.5,43.81818181818182,54.54545454545455,45.8,52.5,49.0,51.8,40.0,44.2,0.8636363636363636,1.1818181818181819,1.0,0.8,1.3333333333333333,0.4,1.0,0.6,0.8,1.8,1.0,0.2,3.0,3.0,Home,Away,Home,Away,1.04236775527534,1.0509997895894958,0.34698161660270077,0.30012957538121915,0.3513866254258771,0.420089961845325,0.579910038154675,0.3485774994270736,0.6514225005729264,"[[1.23271314e-01 1.29558125e-01 6.80827813e-02 2.38516629e-02
  6.26702318e-03 1.31732801e-03]
 [1.28494043e-01 1.35047212e-01 7.09672959e-02 2.48622044e-02
  6.53254289e-03 1.37314024e-03]
 [6.69690237e-02 7.03844298e-02 3.69870105e-02 1.29577801e-02
  3.40465603e-03 7.15658555e-04]
 [2.32687836e-02 2.44554867e-02 1.28513557e-02 4.50225738e-03
  1.18296789e-03 2.48659800e-04]
 [6.06365744e-03 6.37290270e-03 3.34895970e-03 1.17325198e-03
  3.08271896e-04 6.47987395e-05]
 [1.26411220e-03 1.32858166e-03 6.98169520e-04 2.44592006e-04
  6.42665368e-05 1.35088233e-05]]"
41,2025-2026,24,Portsmouth vs Charlton,Portsmouth,Charlton,-0.7938523610488268,-0.659588361307747,-0.024216179522164115,-0.6477329714329406,-0.3238095238095238,-0.33809523809523806,0.09999999999999999,-0.5090909090909091,0.1,-1.275,,-0.8000000000000002,-0.4800000000000001,-0.42000000000000004,0.6399999999999999,-0.56,48.80952380952381,42.19047619047619,51.90909090909091,41.18181818181818,59.5,37.75,,37.666666666666664,1.0,1.2857142857142858,1.2727272727272727,0.9090909090909091,0.0,0.25,,1.0,0.8,0.8,1.4,0.4,3.0,3.0,Home,Away,Home,Away,1.3113040899846637,1.0434452050443532,0.42467485301526303,0.2765787980643683,0.2956811871559169,0.47116374276178785,0.5288362572382121,0.4184254338140151,0.5815745661859849,"[[9.49172998e-02 9.90410013e-02 5.16719290e-02 1.79722755e-02
  4.68827118e-03 9.78390816e-04]
 [1.24465443e-01 1.29872870e-01 6.77576118e-02 2.35671184e-02
  6.14774917e-03 1.28296788e-03]
 [8.16060225e-02 8.51514129e-02 4.44254167e-02 1.54518294e-02
  4.03078431e-03 8.41180513e-04]
 [3.56701037e-02 3.72197987e-02 1.94184102e-02 6.75401568e-03
  1.76186132e-03 3.67681149e-04]
 [1.16935882e-02 1.22016186e-02 6.36586019e-03 2.21414210e-03
  5.77583988e-04 1.20535449e-04]
 [3.06677001e-03 3.20000646e-03 1.66951570e-03 5.80682717e-04
  1.51477649e-04 3.16117254e-05]]"
42,2025-2026,24,Stoke vs Sheffield United,Stoke,Sheffield United,-0.6510251407028709,0.7993263413193732,0.11925333517323641,0.20333581720842878,-0.15,0.34545454545454546,0.24000000000000005,-0.10909090909090911,0.12499999999999992,0.5333333333333333,0.26666666666666666,-0.65,-0.8799999999999999,0.8800000000000001,0.22000000000000006,0.08000000000000004,53.72727272727273,52.18181818181818,54.1,47.63636363636363,46.2,51.888888888888886,47.42857142857143,54.0,1.5,1.1818181818181819,1.9,1.0909090909090908,0.8,1.7777777777777777,1.8571428571428572,0.0,0.6,2.0,1.8,1.2,3.0,3.0,Home,Away,Home,Away,1.3617394058126262,1.4750505500463393,0.34644710157007963,0.2504515440740792,0.3962003644772354,0.5684249044892412,0.4315750955107588,0.539269710673622,0.4607302893263781,"[[0.05861352 0.0864579  0.06376489 0.03135214 0.0115615  0.00341076]
 [0.07981633 0.11773313 0.08683116 0.04269345 0.01574375 0.00464457]
 [0.05434452 0.08016092 0.0591207  0.02906868 0.01071944 0.00316234]
 [0.02466769 0.03638609 0.02683566 0.01319465 0.0048657  0.00143543]
 [0.00839774 0.01238709 0.0091358  0.00449192 0.00165645 0.00048867]
 [0.00228711 0.0033736  0.00248811 0.00122336 0.00045113 0.00013309]]"
43,2025-2026,24,West Brom vs QPR,West Brom,QPR,0.1498899652584585,0.5256857061815698,0.7202679252026952,-0.2768317482952362,0.05454545454545454,0.17727272727272728,0.5700000000000001,-0.35454545454545455,-0.04999999999999999,0.17499999999999996,0.15000000000000013,-0.04999999999999993,0.36,0.39999999999999997,0.78,-0.5,52.13636363636363,46.90909090909091,54.5,46.27272727272727,53.0,51.75,55.5,45.0,1.2727272727272727,1.5454545454545454,1.9,1.2727272727272727,0.75,1.375,3.0,1.0,1.2,1.8,2.2,0.8,3.0,3.0,Home,Away,Home,Away,1.332610465125279,1.045027263096381,0.4299883183786897,0.2745395152188307,0.29221026558186636,0.47511989631839524,0.5248801036816048,0.42443798300469227,0.5755620169953077,"[[9.27694656e-02 9.69466207e-02 5.06559308e-02 1.76456096e-02
  4.61003577e-03 9.63522614e-04]
 [1.23625561e-01 1.29192081e-01 6.75046236e-02 2.35147240e-02
  6.14338192e-03 1.28400032e-03]
 [8.23723579e-02 8.60813598e-02 4.49786839e-02 1.56679836e-02
  4.09336752e-03 8.55536131e-04]
 [3.65900887e-02 3.82376403e-02 1.99796883e-02 6.95977299e-03
  1.81828813e-03 3.80032134e-04]
 [1.21900838e-02 1.27389699e-02 6.65628543e-03 2.31866658e-03
  6.05767448e-04 1.26608700e-04]
 [3.24892665e-03 3.39521692e-03 1.77404712e-03 6.17975870e-04
  1.61450408e-04 3.37440156e-05]]"
44,2025-2026,24,Wrexham vs Preston,Wrexham,Preston,-0.6186960718888435,-0.23667018020365133,0.2469811575254666,0.17621406725582275,-0.2818181818181818,-0.16818181818181815,0.2545454545454545,-0.29,0.03333333333333329,-0.825,0.09999999999999994,-0.09999999999999992,-0.34,-0.6199999999999999,0.4999999999999999,-0.5199999999999999,45.95454545454545,45.27272727272727,51.81818181818182,46.5,31.25,46.25,47.0,32.666666666666664,1.2727272727272727,1.6363636363636365,1.5454545454545454,1.6,0.75,0.75,1.0,2.0,0.6,1.8,2.2,2.2,3.0,3.0,Home,Away,Home,Away,1.5330888070821513,1.0389993685906822,0.4821741780355923,0.2559621585700825,0.2562023273903037,0.5029426639530719,0.49705733604692814,0.4745409649829925,0.5254590350170075,"[[7.63758925e-02 7.93545041e-02 4.12246398e-02 1.42774582e-02
  3.70856753e-03 7.70639864e-04]
 [1.17091026e-01 1.21657502e-01 6.32010339e-02 2.18886114e-02
  5.68556337e-03 1.18145935e-03]
 [8.97554706e-02 9.32558773e-02 4.84463988e-02 1.67785926e-02
  4.35823678e-03 9.05641052e-04]
 [4.58677025e-02 4.76565139e-02 2.47575439e-02 8.57435750e-03
  2.22718801e-03 4.62809387e-04]
 [1.75798153e-02 1.82654170e-02 9.48887837e-03 3.28631288e-03
  8.53619252e-04 1.77381973e-04]
 [5.39028362e-03 5.60050128e-03 2.90945864e-03 1.00764190e-03
  2.61734824e-04 5.43884634e-05]]"
45,2025-2026,25,Blackburn vs Wrexham,Blackburn,Wrexham,0.4338731756978889,-0.6186960718888435,0.1141159831710703,-1.0305943606768726,0.30952380952380953,-0.2818181818181818,0.4090909090909091,-0.8181818181818182,0.45714285714285713,0.03333333333333329,0.8499999999999999,-0.9,0.52,-0.34,0.8,-1.02,49.23809523809524,45.95454545454545,50.18181818181818,40.09090909090909,49.42857142857143,31.25,49.0,34.5,1.1904761904761905,1.2727272727272727,0.8181818181818182,1.0,1.1428571428571428,0.75,1.5,1.0,1.2,0.6,1.0,0.6,3.0,3.0,Home,Away,Away,Home,1.690047699187637,1.071907347107657,0.5104905868472025,0.2411269589535071,0.23975421167742234,0.5304965381313562,0.4695034618686438,0.5214284313026858,0.4785715686973142,"[[6.31681509e-02 6.77104051e-02 3.62896403e-02 1.29663774e-02
  3.47468879e-03 7.44908889e-04]
 [1.06757188e-01 1.14433814e-01 6.13312231e-02 2.19137962e-02
  5.87238980e-03 1.25893155e-03]
 [9.02123701e-02 9.66993023e-02 5.18263463e-02 1.85176804e-02
  4.96230943e-03 1.06382719e-03]
 [5.08210695e-02 5.44754778e-02 2.91963324e-02 1.04319211e-02
  2.79551321e-03 5.99306230e-04]
 [2.14725079e-02 2.30165390e-02 1.23357986e-02 4.40761105e-03
  1.18113767e-03 2.53214029e-04]
 [7.25791251e-03 7.77980974e-03 4.16961761e-03 1.48981458e-03
  3.99235800e-04 8.55887574e-05]]"
46,2025-2026,25,Bristol City vs Portsmouth,Bristol City,Portsmouth,-0.01898171650342833,-0.7938523610488268,-0.36716185318867783,-1.3557878162154497,-0.01363636363636369,-0.3238095238095238,-0.025000000000000088,-0.7900000000000001,-0.7571428571428572,0.1,-0.2500000000000001,-0.8999999999999999,-0.16000000000000011,-0.4800000000000001,-0.02000000000000015,-1.3400000000000003,46.40909090909091,48.80952380952381,48.583333333333336,45.4,41.42857142857143,39.666666666666664,35.0,45.333333333333336,1.5,1.0,1.5,0.7,1.4285714285714286,0.0,2.0,0.3333333333333333,1.4,0.8,1.4,0.2,3.0,3.0,Home,Away,Away,Home,1.303056929640633,0.9282783793004388,0.4497792905372951,0.28225487276254113,0.26530642869459165,0.4387935739472299,0.56120642605277,0.3856760945509803,0.6143239054490197,"[[1.07384942e-01 9.96831202e-02 4.62668426e-02 1.43161699e-02
  3.32234775e-03 6.16812716e-04]
 [1.39928693e-01 1.29892781e-01 6.02883299e-02 1.86547844e-02
  4.32920825e-03 8.03742084e-04]
 [9.11675267e-02 8.46288439e-02 3.92795630e-02 1.21541230e-02
  2.82060241e-03 5.23660846e-04]
 [3.95988258e-02 3.67587338e-02 1.70611689e-02 5.27917141e-03
  1.22513517e-03 2.27453298e-04]
 [1.28998811e-02 1.19746807e-02 5.55791860e-03 1.71976522e-03
  3.99105219e-04 7.40961491e-05]
 [3.36185589e-03 3.12073814e-03 1.44845687e-03 4.48190398e-04
  1.04011364e-04 1.93103001e-05]]"
47,2025-2026,25,Charlton vs Coventry,Charlton,Coventry,-0.659588361307747,1.4679552318734939,-0.7573609272745504,1.4090300291329036,-0.33809523809523806,0.8954545454545454,-0.15,0.875,-1.275,0.6333333333333333,-3.7,1.1333333333333333,-0.42000000000000004,0.48,-0.7400000000000001,0.1999999999999999,42.19047619047619,54.77272727272727,43.3,50.416666666666664,37.75,48.1,40.0,55.666666666666664,1.2857142857142858,2.1818181818181817,1.7,1.8333333333333333,0.25,2.0,0.0,2.3333333333333335,0.8,1.6,1.4,1.6,3.0,3.0,Home,Away,Away,Home,0.8204868457239352,1.59969039516555,0.19148264282771388,0.2499532182114797,0.5523197145223206,0.4431843368080042,0.5568156631919958,0.43555393736691694,0.5644460626330831,"[[8.89058583e-02 1.42221848e-01 1.13755462e-01 6.06578399e-02
  2.42584410e-02 7.76119900e-03]
 [7.29460873e-02 1.16691155e-01 9.33348600e-02 4.97689597e-02
  1.99037317e-02 6.36796169e-03]
 [2.99256525e-02 4.78717789e-02 3.82900125e-02 2.04173884e-02
  8.16537502e-03 2.61241440e-03]
 [8.18453475e-03 1.30927216e-02 1.04721505e-02 5.58406620e-03
  2.23319427e-03 7.14483883e-04]
 [1.67882577e-03 2.68560147e-03 2.14806544e-03 1.14541322e-03
  4.58076630e-04 1.46556157e-04]
 [2.75490893e-04 4.40700135e-04 3.52491887e-04 1.87959295e-04
  7.51691698e-05 2.40494798e-05]]"
48,2025-2026,25,Derby vs Middlesbrough,Derby,Middlesbrough,-0.049782037503443746,1.0061068042724235,-0.5624034090056179,1.044922144849531,-0.18636363636363643,0.22272727272727275,-0.025000000000000088,0.375,0.12000000000000002,0.6,0.27499999999999997,0.29999999999999993,0.38,0.7400000000000001,-0.08000000000000003,0.5000000000000001,42.45454545454545,56.27272727272727,47.666666666666664,57.166666666666664,41.0,56.0,50.25,57.42857142857143,1.4090909090909092,1.9090909090909092,1.1666666666666667,1.5833333333333333,2.2,0.8333333333333334,1.0,1.8571428571428572,1.0,2.4,1.0,1.6,3.0,3.0,Home,Away,Away,Home,1.0237252027066868,1.5047702684312592,0.2569203294874657,0.25893523700986254,0.47895330884771004,0.4950394282987234,0.5049605717012766,0.4634753148323517,0.5365246851676483,"[[7.97789598e-02 1.20049007e-01 9.03230880e-02 4.53051658e-02
  1.70434666e-02 5.12930037e-03]
 [8.16717318e-02 1.22897194e-01 9.24660216e-02 4.63800401e-02
  1.74478263e-02 5.25099406e-03]
 [4.18047051e-02 6.29064773e-02 4.73298984e-02 2.37402080e-02
  8.93088977e-03 2.68778748e-03]
 [1.42655101e-02 2.14663154e-02 1.61509366e-02 8.10114973e-03
  3.04759231e-03 9.17185261e-04]
 [3.65099055e-03 5.49390202e-03 4.13353021e-03 2.07333779e-03
  7.79974265e-04 2.34736417e-04]
 [7.47522207e-04 1.12484919e-03 8.46319811e-04 4.24505629e-04
  1.59695863e-04 4.80611172e-05]]"
49,2025-2026,25,Hull vs Stoke,Hull,Stoke,0.20448834924028456,-0.6510251407028709,-0.4347891487844597,-0.4893750201562622,-0.39545454545454545,-0.15,-0.2833333333333333,-0.47500000000000003,-2.3,0.12499999999999992,-2.3,-0.74,0.45999999999999996,-0.8799999999999999,-0.1,-0.58,46.45454545454545,53.72727272727273,48.333333333333336,53.416666666666664,49.0,46.2,49.0,54.8,1.6818181818181819,1.5,1.9166666666666667,1.1666666666666667,0.0,0.8,0.0,0.4,2.4,0.6,1.8,0.6,3.0,3.0,Home,Away,Away,Home,1.5680188813852125,1.28491859590358,0.43432795236541405,0.24729192745567755,0.3107905510681712,0.5669135873861124,0.4330864126138876,0.5430688869338587,0.45693111306614137,"[[0.05767465 0.07410724 0.04761088 0.02039204 0.00655053 0.00168338]
 [0.09043495 0.11620154 0.07465476 0.0319751  0.01027135 0.00263957]
 [0.07090185 0.09110311 0.05853004 0.02506878 0.00805283 0.00206945]
 [0.03705848 0.04761713 0.03059207 0.01310277 0.004209   0.00108164]
 [0.0145271  0.01866614 0.01199224 0.00513635 0.00164995 0.00042401]
 [0.00455575 0.00585377 0.00376081 0.00161078 0.00051743 0.00013297]]"
50,2025-2026,25,Ipswich vs Oxford,Ipswich,Oxford,1.3622384329168848,-0.7095376300050956,1.6066220764749426,-0.8103720282556219,0.8363636363636364,-0.2818181818181818,1.2583333333333335,-0.6,0.5249999999999999,0.23333333333333328,0.8,-0.15000000000000008,0.6399999999999999,-0.26000000000000006,1.36,-0.62,56.13636363636363,43.81818181818182,54.583333333333336,42.166666666666664,50.666666666666664,49.0,39.0,49.5,1.6818181818181819,0.8636363636363636,2.0833333333333335,0.75,1.3333333333333333,1.3333333333333333,3.0,0.5,2.0,0.8,2.2,0.4,3.0,3.0,Home,Away,Away,Home,1.8504302756067468,0.81997281481848,0.6057998109576969,0.22149331801981215,0.16074877263238288,0.46486148558866286,0.5351385144113372,0.4990977348751352,0.5009022651248648,"[[6.92243160e-02 5.67620573e-02 2.32716719e-02 6.36071278e-03
  1.30390289e-03 2.13832985e-04]
 [1.28094770e-01 1.05034229e-01 4.30626063e-02 1.17700555e-02
  2.41278139e-03 3.95683029e-04]
 [1.18515220e-01 9.71792589e-02 3.98421752e-02 1.08898335e-02
  2.23234186e-03 3.66091928e-04]
 [7.31013840e-02 5.99411476e-02 2.45750558e-02 6.71695922e-03
  1.37693099e-03 2.25809196e-04]
 [3.38172535e-02 2.77292286e-02 1.13686068e-02 3.10731617e-03
  6.36978697e-04 1.04461043e-04]
 [1.25152940e-02 1.02622008e-02 4.20736284e-03 1.14997438e-03
  2.35736933e-04 3.86595754e-05]]"
51,2025-2026,25,Preston vs Sheffield Wednesday,Preston,Sheffield Wednesday,-0.23667018020365133,-2.073726756905195,-0.44385041969557026,-1.612661493128577,-0.16818181818181815,-0.8952380952380953,-0.06666666666666661,-1.01,-0.825,-0.5444444444444445,0.30000000000000004,-0.4,-0.6199999999999999,-1.28,-0.12000000000000002,-1.6199999999999999,45.27272727272727,47.23809523809524,44.25,40.9,46.25,47.7,53.0,49.0,1.6363636363636365,0.42857142857142855,1.6666666666666667,0.7,0.75,0.5,1.25,0.5,1.8,0.2,1.2,0.4,3.0,3.0,Home,Away,Away,Home,2.0088866754332706,0.7960419083066913,0.6403436668057284,0.20356917226890997,0.13902419125676144,0.4658409708428552,0.5341590291571447,0.5317203418603665,0.46827965813963346,"[[6.05110925e-02 4.81693655e-02 1.91724168e-02 5.08734909e-03
  1.01243577e-03 1.61188261e-04]
 [1.21559927e-01 9.67667966e-02 3.85152127e-02 1.02199078e-02
  2.03386873e-03 3.23808949e-04]
 [1.22100059e-01 9.71967642e-02 3.86863488e-02 1.02653183e-02
  2.04290589e-03 3.25247741e-04]
 [8.17617274e-02 6.50857615e-02 2.59054969e-02 6.87395372e-03
  1.36798881e-03 2.17795285e-04]
 [4.10625112e-02 3.26874797e-02 1.30103019e-02 3.45224851e-03
  6.87033623e-04 1.09381511e-04]
 [1.64979863e-02 1.31330885e-02 5.22724442e-03 1.38703521e-03
  2.76034538e-04 4.39470121e-05]]"
52,2025-2026,25,QPR vs Norwich,QPR,Norwich,0.5256857061815698,-0.8029052179309228,1.0026134145468832,-0.8954575424064303,0.17727272727272728,-0.4227272727272727,0.709090909090909,-0.7000000000000001,0.17499999999999996,-0.7333333333333334,0.3499999999999999,0.15000000000000008,0.39999999999999997,-0.5,1.1,-0.8800000000000001,46.90909090909091,51.40909090909091,47.54545454545455,50.0,46.0,43.333333333333336,57.5,55.5,1.5454545454545454,0.8181818181818182,1.8181818181818181,0.9166666666666666,1.2222222222222223,0.6666666666666666,0.5,0.5,1.8,1.6,2.4,0.6,3.0,3.0,Home,Away,Away,Home,1.899997330206774,1.0657607563145481,0.5551541947087918,0.22217237877445484,0.208641292003275,0.5481313025202036,0.4518686974797964,0.5690946877360619,0.43090531226393813,"[[0.0515214  0.05490948 0.02926019 0.01039479 0.00276959 0.00059034]
 [0.09789052 0.10432787 0.05559428 0.01975007 0.00526221 0.00112165]
 [0.09299586 0.09911134 0.05281449 0.01876254 0.00499909 0.00106557]
 [0.0588973  0.06277043 0.03344913 0.01188292 0.00316609 0.00067486]
 [0.02797618 0.02981591 0.01588831 0.00564438 0.00150389 0.00032056]
 [0.01063093 0.01133003 0.00603755 0.00214486 0.00057148 0.00012181]]"
53,2025-2026,25,Sheffield United vs Leicester,Sheffield United,Leicester,0.7993263413193732,-0.31091335617150617,1.1893809222831848,-0.3608461521970869,0.34545454545454546,-0.2545454545454545,0.8,-0.6666666666666666,0.5333333333333333,,1.9500000000000002,-0.6,0.8800000000000001,-0.21999999999999992,1.72,-0.39999999999999997,52.18181818181818,53.13636363636363,56.72727272727273,51.25,51.888888888888886,,55.0,54.5,1.1818181818181819,1.4090909090909092,1.2727272727272727,1.25,1.7777777777777777,,2.0,0.5,2.0,1.4,2.2,1.4,3.0,3.0,Home,Away,Away,Home,1.930045077703515,1.0648448820787053,0.5610565471046078,0.2194754480440104,0.20448996596124774,0.55014549336425,0.44985450663575,0.5756640817322839,0.4243359182677161,"[[0.05004213 0.05328711 0.02837125 0.01007033 0.00268083 0.00057093]
 [0.09658357 0.10284652 0.0547578  0.01943619 0.00517413 0.00110193]
 [0.09320533 0.09924921 0.05284251 0.01875636 0.00499315 0.00106339]
 [0.05996349 0.06385182 0.03399614 0.01206687 0.00321234 0.00068413]
 [0.02893306 0.03080922 0.01640352 0.0058224  0.00154999 0.0003301 ]
 [0.01116842 0.01189264 0.00633191 0.0022475  0.00059831 0.00012742]]"
54,2025-2026,25,Southampton vs Millwall,Southampton,Millwall,0.5454844283759016,-0.15891815127036016,0.8806522778400806,-0.38119216780752607,0.4636363636363637,0.045454545454545484,0.7454545454545456,-0.2454545454545454,1.6500000000000001,0.16666666666666674,0.8750000000000001,-0.8999999999999999,0.15999999999999995,-0.6599999999999998,0.74,-1.0599999999999998,56.77272727272727,47.13636363636363,57.54545454545455,45.27272727272727,48.6,48.666666666666664,60.5,50.0,1.4090909090909092,1.5909090909090908,1.7272727272727273,1.4545454545454546,1.0,0.6666666666666666,1.25,0.0,1.4,1.4,2.6,0.8,3.0,3.0,Home,Away,Away,Home,1.9673245169003675,0.9571518753090732,0.5936332135869701,0.21361231700265085,0.1768750647686394,0.5199825691773626,0.48001743082263737,0.5596783810922307,0.44032161890776933,"[[5.36927985e-02 5.13921628e-02 2.45950525e-02 7.84706687e-03
  1.87770869e-03 3.59450479e-04]
 [1.05631159e-01 1.01105062e-01 4.83864498e-02 1.54377270e-02
  3.69406235e-03 7.07155741e-04]
 [1.03905384e-01 9.94532335e-02 4.75959245e-02 1.51855095e-02
  3.63370971e-03 6.95602413e-04]
 [6.81385367e-02 6.52189282e-02 3.12122097e-02 9.95827502e-03
  2.38289540e-03 4.56158560e-04]
 [3.35126534e-02 3.20766991e-02 1.53511363e-02 4.89778965e-03
  1.17198214e-03 2.24352980e-04]
 [1.31860529e-02 1.26210553e-02 6.04013338e-03 1.92710833e-03
  4.61133838e-04 8.82750236e-05]]"
55,2025-2026,25,Swansea vs West Brom,Swansea,West Brom,-0.23470079863150706,0.1498899652584585,-0.36600864942922406,-0.5051813713072965,-0.33181818181818185,0.05454545454545454,-0.125,-0.37500000000000006,-1.1600000000000001,-0.04999999999999999,0.06666666666666665,-0.10000000000000006,0.11999999999999997,0.36,0.040000000000000036,-0.18000000000000002,54.54545454545455,52.13636363636363,56.25,50.166666666666664,51.8,42.4,57.0,52.5,1.1818181818181819,1.2727272727272727,1.5,0.75,0.4,0.6,1.3333333333333333,0.0,1.8,1.2,1.8,0.0,3.0,3.0,Home,Away,Away,Home,1.430063324747148,0.9156689825654225,0.4865873427529266,0.2687390037314519,0.24075254649090394,0.4538228216540646,0.5461771783459354,0.41605100532554895,0.583948994674451,"[[9.57770382e-02 8.77000631e-02 4.01521138e-02 1.22553484e-02
  2.80546060e-03 5.13774650e-04]
 [1.36967230e-01 1.25416644e-01 5.74200653e-02 1.75259243e-02
  4.01198631e-03 7.34730285e-04]
 [9.79359059e-02 8.96768714e-02 4.10571648e-02 1.25315908e-02
  2.86869724e-03 5.25355417e-04]
 [4.66848491e-02 4.27478683e-02 1.95714485e-02 5.97365612e-03
  1.36747291e-03 2.50430505e-04]
 [1.66905726e-02 1.52830397e-02 6.99710269e-03 2.13567663e-03
  4.88893212e-04 8.95328701e-05]
 [4.77371516e-03 4.37114290e-03 2.00125999e-03 6.10830565e-04
  1.39829651e-04 2.56075348e-05]]"
56,2025-2026,25,Watford vs Birmingham,Watford,Birmingham,0.48890081241205713,-0.12756805775796778,0.6159269058513795,-0.5919103667006786,0.29090909090909095,0.34545454545454546,0.5499999999999999,-0.2583333333333333,0.5200000000000001,-1.05,0.7250000000000001,-0.375,0.26000000000000006,-0.68,0.6199999999999999,-0.58,51.54545454545455,54.90909090909091,52.583333333333336,53.583333333333336,44.166666666666664,48.0,57.0,52.5,1.4545454545454546,1.3181818181818181,2.0833333333333335,0.6666666666666666,2.0,0.0,2.5,0.0,1.6,0.8,1.8,0.2,3.0,3.0,Home,Away,Away,Home,1.673389065999361,1.2498601118523707,0.4658333912084661,0.24058308972793147,0.2843211729525096,0.5728175874468894,0.4271824125531106,0.5593965512807437,0.44060344871925633,"[[0.05375873 0.06719089 0.04198961 0.01749371 0.00546617 0.00136639]
 [0.08995927 0.11243651 0.07026495 0.02927379 0.00914703 0.0022865 ]
 [0.07526843 0.09407501 0.0587903  0.02449322 0.00765327 0.0019131 ]
 [0.04198446 0.0524747  0.03279302 0.01366223 0.00426897 0.00106712]
 [0.01756408 0.02195265 0.01371887 0.00571556 0.00178591 0.00044643]
 [0.00587831 0.00734706 0.0045914  0.00191287 0.0005977  0.00014941]]"
